[{"id":"user-image-0132D456-98BF-4DC0-906C-DCC81CB53C6B.jpg","fileName":"0132D456-98BF-4DC0-906C-DCC81CB53C6B.jpg","name":"0132D456-98BF-4DC0-906C-DCC81CB53C6B","publicUrl":"https://assets.nicepagecdn.com/71a9151e/6242002/images/0132D456-98BF-4DC0-906C-DCC81CB53C6B.jpg","size":665502,"hash":"l3QiLdZJ8RCNy5OCl27paJxF8ME=","width":1081,"height":1920,"folderId":null,"thumbnail":{"url":"https://assets.nicepagecdn.com/71a9151e/6242002/images/thumbnails/0132D456-98BF-4DC0-906C-DCC81CB53C6B.jpg","width":84,"height":150},"usages":["6242003"]},{"id":"user-image-manny.pneg.jpeg","fileName":"manny.pneg.jpeg","name":"manny.pneg","publicUrl":"https://assets.nicepagecdn.com/71a9151e/6242002/images/manny.pneg.jpeg","size":694647,"hash":"4G+ks3Uog1fAlhPR05nxuvzf9qc=","width":1920,"height":1395,"folderId":null,"thumbnail":{"url":"https://assets.nicepagecdn.com/71a9151e/6242002/images/thumbnails/manny.pneg.jpeg","width":150,"height":109},"usages":["6242003"]},{"id":"user-image-ryan.jpeg","fileName":"ryan.jpeg","name":"ryan","publicUrl":"https://assets.nicepagecdn.com/71a9151e/6242002/images/ryan.jpeg","size":111777,"hash":"MQXXVp96Wgbta+0WmJyRodd6Mjc=","width":1024,"height":683,"folderId":null,"thumbnail":{"url":"https://assets.nicepagecdn.com/71a9151e/6242002/images/thumbnails/ryan.jpeg","width":150,"height":100},"usages":[]},{"id":"user-image-OIG.NYYzvqFwgxZKjEFh2tYa.jpeg","fileName":"OIG.NYYzvqFwgxZKjEFh2tYa.jpeg","name":"OIG.NYYzvqFwgxZKjEFh2tYa","publicUrl":"https://assets.nicepagecdn.com/71a9151e/6242002/images/OIG.NYYzvqFwgxZKjEFh2tYa.jpeg","size":164547,"hash":"QTFmr98WQ1CQrO4TdB44ujIXaEQ=","width":1024,"height":1024,"folderId":null,"thumbnail":{"url":"https://assets.nicepagecdn.com/71a9151e/6242002/images/thumbnails/OIG.NYYzvqFwgxZKjEFh2tYa.jpeg","width":150,"height":150},"usages":["6242003"]},{"id":"user-image-_f509dbde-415b-4fd7-9358-c2ba28b4ae85.jpg","fileName":"_f509dbde-415b-4fd7-9358-c2ba28b4ae85.jpg","name":"_f509dbde-415b-4fd7-9358-c2ba28b4ae85","publicUrl":"https://assets.nicepagecdn.com/71a9151e/6242002/images/_f509dbde-415b-4fd7-9358-c2ba28b4ae85.jpg","size":215505,"hash":"gQxbSTHKOPN2As5sO7hrKMOQfCE=","width":1024,"height":1024,"folderId":null,"thumbnail":{"url":"https://assets.nicepagecdn.com/71a9151e/6242002/images/thumbnails/_f509dbde-415b-4fd7-9358-c2ba28b4ae85.jpg","width":150,"height":150},"usages":["186026"]},{"id":"user-image-image13x.png","fileName":"image13x.png","name":"image13x","publicUrl":"https://assets.nicepagecdn.com/71a9151e/6242002/images/image13x.png","size":511828,"hash":"0JTRRM9NOF+qbqpJXtQzv/Ej3NU=","width":834,"height":600,"folderId":null,"thumbnail":{"url":"https://assets.nicepagecdn.com/71a9151e/6242002/images/thumbnails/image13x.png","width":150,"height":108},"usages":["2478916217"]},{"id":"user-image-herson-rodriguez-w8CcH9Md4vE-unsplash_W9thqmJE.webp","fileName":"herson-rodriguez-w8CcH9Md4vE-unsplash_W9thqmJE.webp","name":"herson-rodriguez-w8CcH9Md4vE-unsplash_W9thqmJE","publicUrl":"https://assets.nicepagecdn.com/71a9151e/6242002/images/herson-rodriguez-w8CcH9Md4vE-unsplash_W9thqmJE.webp","size":120342,"hash":"MvckglEHmyiRxyvpK5m/AVEcoT0=","width":1024,"height":1024,"folderId":null,"thumbnail":{"url":"https://assets.nicepagecdn.com/71a9151e/6242002/images/herson-rodriguez-w8CcH9Md4vE-unsplash_W9thqmJE.webp","width":1024,"height":1024},"usages":["186026"]},{"id":"user-image-sam-balye-fjTJ_Q0Pwkg-unsplash_W9thqmJE.webp","fileName":"sam-balye-fjTJ_Q0Pwkg-unsplash_W9thqmJE.webp","name":"sam-balye-fjTJ_Q0Pwkg-unsplash_W9thqmJE","publicUrl":"https://assets.nicepagecdn.com/71a9151e/6242002/images/sam-balye-fjTJ_Q0Pwkg-unsplash_W9thqmJE.webp","size":96690,"hash":"ZvVyIs+nhClipxd569b02XRSvAI=","width":1024,"height":1024,"folderId":null,"thumbnail":{"url":"https://assets.nicepagecdn.com/71a9151e/6242002/images/sam-balye-fjTJ_Q0Pwkg-unsplash_W9thqmJE.webp","width":1024,"height":1024},"usages":["2478916217"]},{"id":"user-image-evelyn-paris-QR_vT8_hBZM-unsplash_W9thqmJE.webp","fileName":"evelyn-paris-QR_vT8_hBZM-unsplash_W9thqmJE.webp","name":"evelyn-paris-QR_vT8_hBZM-unsplash_W9thqmJE","publicUrl":"https://assets.nicepagecdn.com/71a9151e/6242002/images/evelyn-paris-QR_vT8_hBZM-unsplash_W9thqmJE.webp","size":129404,"hash":"EHTPWCvHlBPIwXp+418wgei8m3M=","width":1024,"height":1024,"folderId":null,"thumbnail":{"url":"https://assets.nicepagecdn.com/71a9151e/6242002/images/evelyn-paris-QR_vT8_hBZM-unsplash_W9thqmJE.webp","width":1024,"height":1024},"usages":["2478916217"]},{"id":"user-image-soroush-karimi-crjPrExvShc-unsplash_W9thqmJE.webp","fileName":"soroush-karimi-crjPrExvShc-unsplash_W9thqmJE.webp","name":"soroush-karimi-crjPrExvShc-unsplash_W9thqmJE","publicUrl":"https://assets.nicepagecdn.com/71a9151e/6242002/images/soroush-karimi-crjPrExvShc-unsplash_W9thqmJE.webp","size":77020,"hash":"Hrk8Kh+Uw/L5wuf2Jw25ik/IUQw=","width":1024,"height":1024,"folderId":null,"thumbnail":{"url":"https://assets.nicepagecdn.com/71a9151e/6242002/images/soroush-karimi-crjPrExvShc-unsplash_W9thqmJE.webp","width":1024,"height":1024},"usages":["2478916217","186026"]},{"id":"user-image-2228f6e27a10efaf28d2e9c4d8fedb3894f54b9947e757a804976d878e43e7338f01745ee921cd6c5929ae9bf3ec63fea7ad6f81c619b67c46d8c0_1280.jpg","fileName":"2228f6e27a10efaf28d2e9c4d8fedb3894f54b9947e757a804976d878e43e7338f01745ee921cd6c5929ae9bf3ec63fea7ad6f81c619b67c46d8c0_1280.jpg","name":"2228f6e27a10efaf28d2e9c4d8fedb3894f54b9947e757a804976d878e43e7338f01745ee921cd6c5929ae9bf3ec63fea7ad6f81c619b67c46d8c0_1280","publicUrl":"https://assets.nicepagecdn.com/71a9151e/6242002/images/2228f6e27a10efaf28d2e9c4d8fedb3894f54b9947e757a804976d878e43e7338f01745ee921cd6c5929ae9bf3ec63fea7ad6f81c619b67c46d8c0_1280.jpg","size":304912,"hash":"kw/dSpx7iFnTl8nl7XzTB0YAXrg=","width":1280,"height":854,"folderId":null,"thumbnail":{"url":"https://assets.nicepagecdn.com/71a9151e/6242002/images/thumbnails/2228f6e27a10efaf28d2e9c4d8fedb3894f54b9947e757a804976d878e43e7338f01745ee921cd6c5929ae9bf3ec63fea7ad6f81c619b67c46d8c0_1280.jpg","width":150,"height":100},"usages":["2499101745","62366476","2478916217"]},{"id":"user-image-DALLE2024-04-1612.34.29-Adiversegroupofathletesfromdifferentsportseachwearingdistinctiveteamjerseysareseatedinchurchpews.Theathletesincludeafootballp.webp","fileName":"DALLE2024-04-1612.34.29-Adiversegroupofathletesfromdifferentsportseachwearingdistinctiveteamjerseysareseatedinchurchpews.Theathletesincludeafootballp.webp","name":"DALLE2024-04-1612.34.29-Adiversegroupofathletesfromdifferentsportseachwearingdistinctiveteamjerseysareseatedinchurchpews.Theathletesincludeafootballp","publicUrl":"https://assets.nicepagecdn.com/71a9151e/6242002/images/DALLE2024-04-1612.34.29-Adiversegroupofathletesfromdifferentsportseachwearingdistinctiveteamjerseysareseatedinchurchpews.Theathletesincludeafootballp.webp","size":387730,"hash":"JJNfDxLrU7g+lT0Tr5/TD0LEIIE=","width":1024,"height":1024,"folderId":null,"thumbnail":{"url":"https://assets.nicepagecdn.com/71a9151e/6242002/images/DALLE2024-04-1612.34.29-Adiversegroupofathletesfromdifferentsportseachwearingdistinctiveteamjerseysareseatedinchurchpews.Theathletesincludeafootballp.webp","width":1024,"height":1024},"usages":["2499101745","186026"]},{"id":"user-image-israel-andrade-YI_9SivVt_s-unsplash-scaled_W9thqmJE1.webp","fileName":"israel-andrade-YI_9SivVt_s-unsplash-scaled_W9thqmJE1.webp","name":"israel-andrade-YI_9SivVt_s-unsplash-scaled_W9thqmJE1","publicUrl":"https://assets.nicepagecdn.com/71a9151e/6242002/images/israel-andrade-YI_9SivVt_s-unsplash-scaled_W9thqmJE1.webp","size":161332,"hash":"G0kP9bZadIWt0ETvyn/qeKRN3c4=","width":1024,"height":1024,"folderId":null,"thumbnail":{"url":"https://assets.nicepagecdn.com/71a9151e/6242002/images/israel-andrade-YI_9SivVt_s-unsplash-scaled_W9thqmJE1.webp","width":1024,"height":1024},"usages":["6242003","2499101745"]},{"id":"user-image-dagi22.jpg","fileName":"dagi22.jpg","name":"dagi22","publicUrl":"https://assets.nicepagecdn.com/71a9151e/6242002/images/dagi22.jpg","size":309825,"hash":"HsVh/a+twqDIK8XFcElxNz4X7eE=","width":1170,"height":1555,"folderId":null,"thumbnail":{"url":"https://assets.nicepagecdn.com/71a9151e/6242002/images/thumbnails/dagi22.jpg","width":113,"height":150},"usages":["6242003"]},{"id":"user-image-image-container3x-600x546.png","fileName":"image-container3x-600x546.png","name":"image-container3x-600x546","publicUrl":"https://assets.nicepagecdn.com/71a9151e/6242002/images/image-container3x-600x546.png","size":483173,"hash":"TTzteY8EKCKQGeTzoV3+WT/wtmg=","width":600,"height":546,"folderId":null,"thumbnail":{"url":"https://assets.nicepagecdn.com/71a9151e/6242002/images/thumbnails/image-container3x-600x546.png","width":150,"height":137},"usages":["6242003"]}]