[{"id":6242003,"title":"GodwSports","order":null,"templateKey":null,"customTemplate":false,"customTemplateFilename":null,"pageLinks":["6242003","62366476","2499101745","2478916217","186026"],"dateCreated":"2024-04-24T03:15:13.727","dateUpdated":"2024-05-01T03:42:22.767Z","folderId":null,"pageName":"GodwSports_6242003","sectionCount":6,"status":2},{"id":192969224,"title":"Blog Template","order":1,"templateKey":"blog","customTemplate":false,"customTemplateFilename":null,"pageLinks":[],"dateCreated":"2024-04-24T03:15:26.074Z","dateUpdated":"2024-04-24T03:15:27.691Z","folderId":null,"pageName":"Blog Template","sectionCount":1,"status":2},{"id":43820200,"title":"Post Template","order":2,"templateKey":"post","customTemplate":false,"customTemplateFilename":null,"pageLinks":[],"dateCreated":"2024-04-24T03:15:26.306Z","dateUpdated":"2024-04-24T03:15:27.698Z","folderId":null,"pageName":"Post Template","sectionCount":1,"status":2},{"id":82184322,"title":"Product List Template","order":3,"templateKey":"products","customTemplate":false,"customTemplateFilename":null,"pageLinks":[],"dateCreated":"2024-04-24T03:15:26.564Z","dateUpdated":"2024-04-24T03:15:27.699Z","folderId":null,"pageName":"Product List Template","sectionCount":1,"status":2},{"id":65236986,"title":"Product Details Template","order":4,"templateKey":"product","customTemplate":false,"customTemplateFilename":null,"pageLinks":[],"dateCreated":"2024-04-24T03:15:26.805Z","dateUpdated":"2024-04-24T03:15:27.701Z","folderId":null,"pageName":"Product Details Template","sectionCount":1,"status":2},{"id":92771496,"title":"Shopping Cart Template","order":5,"templateKey":"cart","customTemplate":false,"customTemplateFilename":null,"pageLinks":[],"dateCreated":"2024-04-24T03:15:27.042Z","dateUpdated":"2024-04-24T03:15:27.702Z","folderId":null,"pageName":"Shopping Cart Template","sectionCount":1,"status":2},{"id":91463392,"title":"Login Template","order":7,"templateKey":"login","customTemplate":false,"customTemplateFilename":null,"pageLinks":[],"dateCreated":"2024-04-24T03:15:27.292Z","dateUpdated":"2024-04-24T03:15:27.702Z","folderId":null,"pageName":"Login Template","sectionCount":1,"status":2},{"id":1536311576,"title":"Password Template","order":8,"templateKey":"password","customTemplate":false,"customTemplateFilename":null,"pageLinks":[],"dateCreated":"2024-04-24T03:15:27.402Z","dateUpdated":"2024-04-24T03:15:27.706Z","folderId":null,"pageName":"Password Template","sectionCount":1,"status":2},{"id":234004591,"title":"404 Not Found Template","order":9,"templateKey":"404","customTemplate":false,"customTemplateFilename":null,"pageLinks":[],"dateCreated":"2024-04-24T03:15:27.507Z","dateUpdated":"2024-04-24T03:15:27.707Z","folderId":null,"pageName":"404 Not Found Template","sectionCount":1,"status":2},{"id":56235247,"title":"Thank You Template","order":10,"templateKey":"ThankYou","customTemplate":false,"customTemplateFilename":null,"pageLinks":[],"dateCreated":"2024-04-24T03:15:27.598Z","dateUpdated":"2024-04-24T03:15:27.708Z","folderId":null,"pageName":"Thank You Template","sectionCount":1,"status":2},{"id":62366476,"title":"Contact us","order":11,"templateKey":null,"customTemplate":false,"customTemplateFilename":null,"pageLinks":["6242003","62366476"],"dateCreated":"2024-04-24T15:10:43.220Z","dateUpdated":"2024-05-01T03:44:38.137Z","folderId":null,"pageName":"Contact us_62366476","sectionCount":2,"status":2},{"id":2499101745,"title":"about","order":13,"templateKey":null,"customTemplate":false,"customTemplateFilename":null,"pageLinks":["6242003","62366476"],"dateCreated":"2024-04-24T16:00:11.478Z","dateUpdated":"2024-05-01T03:43:51.997Z","folderId":null,"pageName":"about_2499101745","sectionCount":3,"status":2},{"id":2478916217,"title":"testimony","order":14,"templateKey":null,"customTemplate":false,"customTemplateFilename":null,"pageLinks":["6242003","62366476","186026"],"dateCreated":"2024-04-25T03:12:45.649Z","dateUpdated":"2024-05-01T03:43:37.106Z","folderId":null,"pageName":"testimony_2478916217","sectionCount":3,"status":2},{"id":186026,"title":"Faith-sharing","order":15,"templateKey":null,"customTemplate":false,"customTemplateFilename":null,"pageLinks":["6242003","62366476"],"dateCreated":"2024-04-27T22:09:41.186Z","dateUpdated":"2024-05-01T03:35:38.964Z","folderId":null,"pageName":"Faith-sharing_186026","sectionCount":4,"status":2}]